study Id,author,publication year,publication URL
20547800,Beshir K,2010,http://www.pubmedcentral.nih.gov/articlerender.fcgi?artid=2934991&tool=pmcentrez&rendertype=abstract
21699697,Howard N,2011,http://www.pubmedcentral.nih.gov/articlerender.fcgi?artid=3132200&tool=pmcentrez&rendertype=abstract
23497229,Awab GR,2013,http://www.pubmedcentral.nih.gov/articlerender.fcgi?artid=3607912&tool=pmcentrez&rendertype=abstract
706,"Tao Zhang, Xian Xu, Jingjing Jiang, Chen Yu, Cuicui Tian, and Weidong Li",2018,https://www.ncbi.nlm.nih.gov/pubmed/29436339
19708897,Menegon M,2009,http://www.ncbi.nlm.nih.gov/pubmed/19708897
19014684,Figueiredo P,2008,http://www.pubmedcentral.nih.gov/articlerender.fcgi?artid=2613152&tool=pmcentrez&rendertype=abstract
20565881,Gama BE,2010,http://www.pubmedcentral.nih.gov/articlerender.fcgi?artid=2898790&tool=pmcentrez&rendertype=abstract
22850519,Fançony C,2012,http://www.pubmedcentral.nih.gov/articlerender.fcgi?artid=3457352&tool=pmcentrez&rendertype=abstract
26670642,"Kiaco K, Teixeira J, Machado M, do Rosário V, Lopes D",2015,http://www.ncbi.nlm.nih.gov/pubmed/?term=26670642
25889865,Foumane Ngane V,2015,http://www.ncbi.nlm.nih.gov/pubmed/25889865
24581308,Aguiar ACC,2014,http://www.pubmedcentral.nih.gov/articlerender.fcgi?artid=3945814&tool=pmcentrez&rendertype=abstract
628,"Ljolje D, Dimbu PR, Kelley J, Goldman I, Nace D, Macaia A, Halsey ES, Ringwald P, Fortes F, Udhayakumar V, Talundzic E, Lucchi NW, Plucinski MM.",2018,https://www.ncbi.nlm.nih.gov/pubmed/?term=29458380
721,"Yang C, Zhou R, Liu Y, Li S, Qian D, Zhao Y, Zhang H, Xu B",2018,https://www.ncbi.nlm.nih.gov/pubmed/?term=30259821
11356518,Durand R,2001,http://www.ncbi.nlm.nih.gov/pubmed/11356518
15189458,van den Broek IVF,2004,http://www.ncbi.nlm.nih.gov/pubmed/?term=15189458
20097306,Marma ASP,2010,http://www.ncbi.nlm.nih.gov/pubmed/20097306
463,"Srimuang K, Miotto O, Lim P, Fairhurst RM, Kwiatkowski DP, Woodrow CJ, Imwong M",2016,NA
622,Mohammad Shafiul Alam,2017,https://www.ncbi.nlm.nih.gov/pubmed/?term=28806961
24100489,Dahlström S,2013,http://www.ncbi.nlm.nih.gov/pubmed/24100489
24225351,Ogouyèmi-Hounto A,2013,http://www.pubmedcentral.nih.gov/articlerender.fcgi?artid=3834525&tool=pmcentrez&rendertype=abstract
718,"Tawe L, Menegon M, Ramatlho P, Muthoga C, Mutukwa N, Vurayai M, Bothudile W, Motshoge T, L'Episcopia M, Mosweunyane T, Kasvosve I, Severini C, Paganotti G",2018,https://www.ncbi.nlm.nih.gov/pubmed/?term=30350774
21143867,Gama BE,2010,http://www.pubmedcentral.nih.gov/articlerender.fcgi?artid=3017535&tool=pmcentrez&rendertype=abstract
22302850,Gbotosho GO,2012,http://www.pubmedcentral.nih.gov/articlerender.fcgi?artid=3269269&tool=pmcentrez&rendertype=abstract
18304266,Ferreira ID,2008,http://www.ncbi.nlm.nih.gov/pubmed/18304266
25239550,Inoue J,2014,http://www.ncbi.nlm.nih.gov/pubmed/25239550
769,"Lucchi NW, Abdallah R, Louzada J, Udhayakumar V, Oliveira-Ferreira J",2020,https://www.ncbi.nlm.nih.gov/pubmed/?term=31833470
18411325,Mehlotra RK,2008,http://www.pubmedcentral.nih.gov/articlerender.fcgi?artid=2415780&tool=pmcentrez&rendertype=abstract
14636690,Tinto H,2003,http://www.ncbi.nlm.nih.gov/pubmed/?term=14636690
20148338,Oster N,2010,http://www.ncbi.nlm.nih.gov/pubmed/20148338
17538894,Diallo DA,2007,http://www.ncbi.nlm.nih.gov/pubmed/17538894
16837725,Dokomajilar C,2006,http://www.16837725.nlm.nih.gov/pubmed/16837725
20060374,Danquah I,2010,http://www.ncbi.nlm.nih.gov/pubmed/20060374
18304270,Tinto H,2008,http://www.ncbi.nlm.nih.gov/pubmed/18304270
25403659,"Baraka V, Tinto H, Valea I, Fitzhenry R, Delgado-Ratto C, Mbonye MK, Van Overmeir C, Rosanas-Urgell A, Van Geertruyden JP, D'Alessandro U, Erhart A",2015,http://www.ncbi.nlm.nih.gov/pubmed/?term=25403659
17292769,Zongo I,2007,http://www.ncbi.nlm.nih.gov/pubmed/?term=17292769
17336652,"Ratcliff A, Siswantoro H, Kenangalem E, Maristela R, Wuwung RM, Laihad F, Ebsworth EP, Anstey NM, Tjitra E, Price RN.",2007,http://www.pubmedcentral.nih.gov/articlerender.fcgi?artid=2532500&tool=pmcentrez&rendertype=abstract
20231394,Somé AF,2010,http://www.pubmedcentral.nih.gov/articlerender.fcgi?artid=2863637&tool=pmcentrez&rendertype=abstract
24733476,Somé F,2014,http://www.ncbi.nlm.nih.gov/pubmed/24733476
532,"Zongo I, Milligan P, Compaore YD, Some AF, Greenwood B, Tarning J, Rosenthal PJ, Sutherland C, Nosten F, Ouedraogo JB",2015,http://www.ncbi.nlm.nih.gov/pubmed/?term=25918149
24028570,van Schalkwyk DA,2013,http://www.pubmedcentral.nih.gov/articlerender.fcgi?artid=3847303&tool=pmcentrez&rendertype=abstract
27031231,"Sondo P, Derra K, Diallo Nakanabo S, Tarnagda Z, Kazienga A, Zampa O, Valéa I, Sorgho H, Owusu-Dabo E, Ouédraogo JB, Guiguemdé TR, Tinto H",2016,http://www.ncbi.nlm.nih.gov/pubmed/?term=27031231
497,"Somé AF, Sorgho H, Zongo I, Bazié T, Nikiéma F, Sawadogo A, Zongo M, Compaoré YD, Ouédraogo JB",2016,http://www.ncbi.nlm.nih.gov/pubmed/?term=28004634
449,Paul Sondo,2016,NA
12499174,Lim P,2003,http://www.ncbi.nlm.nih.gov/pubmed/?term=12499174
16048916,Khim N,2005,http://www.ncbi.nlm.nih.gov/pubmed/?term=16048916
17426163,Alker AP,2007,http://www.ncbi.nlm.nih.gov/pubmed/17426163
19138391,Lim P,2009,http://www.pubmedcentral.nih.gov/articlerender.fcgi?artid=2627910&tool=pmcentrez&rendertype=abstract
20367478,Vinayak S,2010,http://jid.oxfordjournals.org/content/201/10/1551.long
20421395,Imwong M,2010,http://www.pubmedcentral.nih.gov/articlerender.fcgi?artid=2897287&tool=pmcentrez&rendertype=abstract
19641202,Dondorp AM,2009,http://www.nejm.org/doi/full/10.1056/NEJMoa0808859
25049252,Lanteri CA,2014,http://www.ncbi.nlm.nih.gov/pubmed/25049252
26626127,"Chaorattanakawee S, Lanteri CA, Sundrakes S, Yingyuen K, Gosi P, Chanarat N, Wongarunkochakorn S, Buathong N, Chann S, Kuntawunginn W, Arsanok M, Lin JT, Juliano JJ, Tyner SD, Char M, Lon C, Saunders DL",2015,http://www.ncbi.nlm.nih.gov/pubmed/?term=26626127
12224572,Basco L,2002,http://www.ncbi.nlm.nih.gov/pubmed/12224572
631,"Moyeh MN, Njimoh DL, Evehe MS, Ali IM, Nji AM, Nkafu DN, Masumbe PN, Barbara AT, Ndikum VN, Mbacham WF.",2018,https://www.ncbi.nlm.nih.gov/pubmed/?term=29854394
20105282,Mbacham WF,2010,http://www.pubmedcentral.nih.gov/articlerender.fcgi?artid=2831903&tool=pmcentrez&rendertype=abstract
22498364,Menard S,2012,http://www.pubmedcentral.nih.gov/articlerender.fcgi?artid=3368752&tool=pmcentrez&rendertype=abstract
604,"Apinjoh TO, Mugri RN, Miotto O, Chi HF, Tata RB, Anchang-Kimbi JK, Fon EM, Tangoh DA, Nyingchu RV, Jacob C, Amato R, Djimde A, Kwiatkowski D, Achidi EA, Amambua-Ngwa A",2017,http://www.ncbi.nlm.nih.gov/pubmed/?term=29110722
801,"Moyeh MN, Fankem SN, Ali IM, Sofeu D, Sandie SM, Njimoh DL, Ghogomu SM, Kimbi HK, Mbacham WF.",2022,https://pubmed.ncbi.nlm.nih.gov/35357271/
16474071,Menard D,2006,http://www.ncbi.nlm.nih.gov/pubmed/16474071
740,"Amor A, Toro C, FernÃ¡ndez-MartÃ­nez A, Baquero M, Benito A, Berzosa P.",2012,https://www.ncbi.nlm.nih.gov/pubmed/?term=22462737
607,"Suttipat Srisutham, Nguyen Than Thuy-Nhien, Ranitha Vongpromek, Teeradet Khomvarn, Mayfong Mayxay, Olivo Miotto, Francois Nosten, Frank Smithuis, Rob van der Pluijm, Lorenz von Seidlein, Carol H Sibley, Philippe J. Guérin, Nicholas P. J. Day, Arjen Dondorp, Mehul Dhorda, Mallika Imwong",2016,NA
15827277,Wang X,2005,http://www.ncbi.nlm.nih.gov/pubmed/?term=15827277
19772548,Zhang GQ,2009,http://www.ncbi.nlm.nih.gov/pubmed/19772548
22839209,Huang F,2012,http://www.pubmedcentral.nih.gov/articlerender.fcgi?artid=3459721&tool=pmcentrez&rendertype=abstract
772,"Ruimin Zhou, Chengyun Yang, Suhua Li, Yuling Zhao, Ying Liu,a Dan Qian, Hao Wang, Deling Lu, Hongwei Zhang, Fang Huangb",2019,https://www.ncbi.nlm.nih.gov/pubmed/?term=31358591
25691632,Feng J,2015,http://www.ncbi.nlm.nih.gov/pubmed/25691632
18165517,Echeverry DF,2007,http://www.ncbi.nlm.nih.gov/pubmed/18165517
24657918,Jovel IT,2014,http://www.ncbi.nlm.nih.gov/pubmed/24657918
17713631,Montoya P,2007,http://www.scielo.org.co/scielo.php?script=sci_arttext&pid=S0120-41572007000200007&lng=en&nrm=iso&tl
18426617,RESTREPO-PINEDA E,2008,http://www.ncbi.nlm.nih.gov/pubmed/18426617
595,"Obaldia N, Baro NK, Calzada JE, Santamaria AM, Daniels R, Wong W, Chang HH, Hamilton EJ, Arevalo-Herrera M, Herrera S, Wirth DF, Hartl DL, Marti M, Volkman SK",2015,http://www.ncbi.nlm.nih.gov/pubmed/?term=25336725
590,"Aponte S, Guerra ÁP, Álvarez-Larrotta C, Bernal SD, Restrepo C, González C, Yasnot MF, Knudson-Ospina A",2017,http://www.ncbi.nlm.nih.gov/pubmed/?term=28460112
15638145,Randrianarivelojosia M,2004,http://www.ncbi.nlm.nih.gov/pubmed/15638145
507,"Huang B, Wang Q, Deng C, Wang J, Yang T, Huang S, Su XZ, Liu Y, Pan L, Li G, Li D, Zhang H, Bacar A, Abdallah KS, Attoumane R, Mliva AM, Zheng S, Xu Q, Lu F, Guan Y, Song J",2016,http://www.ncbi.nlm.nih.gov/pubmed/?term=27527604
480,"Koukouikila-Koussounda F, Jeyaraj S, Nguetse CN, Nkonganyi CN, Kokou KC, Etoka-Beka MK, Ntoumi F, Velavan TP",2017,http://www.ncbi.nlm.nih.gov/pubmed/?term=28420403
712,"Voumbo-Matoumona DF, Akiana J, Madamet M, Kouna LC, Lekana-Douki JB, Pradines B.",2018,https://www.ncbi.nlm.nih.gov/pubmed/?term=30121345
785,"Dossou-Yovo LR, Ntoumi F, Koukouikila-Koussounda F, Vouvoungui JC, Adedoja A, Nderu D, Velavan TP, Lenga A.",2020,https://pubmed.ncbi.nlm.nih.gov/32384930/
19346374,Mobula L,2009,http://www.ajtmh.org/content/80/4/555.long
602,"Baraka V, Mavoko HM, Nabasumba C, Francis F, Lutumba P, Alifrangis M, Van Geertruyden JP",2018,http://www.ncbi.nlm.nih.gov/pubmed/?term=29390014
503,"Roseau JB, Pradines B, Paleiron N, Vedy S, Madamet M, Simon F, Javelle E",2016,http://www.ncbi.nlm.nih.gov/pubmed/?term=27646822
26651993,"Sáenz FE, Morton LC, Okoth SA, Valenzuela G, Vera-Arias CA, Vélez-Álvarez E, Lucchi NW, Castro LE, Udhayakumar V",2014,http://www.ncbi.nlm.nih.gov/pubmed/?term=26651993
806,"Berzosa P, Molina de la Fuente I, Ta-Tang TH, González V, García L, Rodríguez-Galet A, Díaz-Regañón R, Galán R, Cerrada-Gálvez L, Ncogo P, Riloha M, Benito A.",2021,https://pubmed.ncbi.nlm.nih.gov/34906159/
23537170,Mendes C,2013,http://www.pubmedcentral.nih.gov/articlerender.fcgi?artid=3621214&tool=pmcentrez&rendertype=abstract
475,"Guerra M, Neres R, Salgueiro P, Mendes C, Ndong-Mabale N, Berzosa P, de Sousa B, Arez AP",2017,http://www.ncbi.nlm.nih.gov/pubmed/?term=27795385
557,"Berzosa P, Esteban-Cantos A, García L, González V, Navarro M, Fernández T, Romay-Barja M, Herrador Z, Rubio JM, Ncogo P, Santana-Morales M, Valladares B, Riloha M, Benito A",2017,http://www.ncbi.nlm.nih.gov/pubmed/?term=28086777
795,"Liu Y, Liang X, Li J, Chen J, Huang H, Zheng Y, He J, Ehapo CS, Eyi UM, Yang P, Lin L, Chen W, Sun G, Liu X, Zha G, Wang J, Wang C, Wei H, Lin M.",2022,https://pubmed.ncbi.nlm.nih.gov/35670601/
26875763,"Menegon M, Nurahmed AM, Talha AA, Nour BY, Severini C",2016,http://www.ncbi.nlm.nih.gov/pubmed/?term=26875763
16817953,Schunk M,2006,http://www.pubmedcentral.nih.gov/articlerender.fcgi?artid=1524791&tool=pmcentrez&rendertype=abstract
20691106,Eshetu T,2010,http://www.pubmedcentral.nih.gov/articlerender.fcgi?artid=2922303&tool=pmcentrez&rendertype=abstract
738,"Patricia Mula, Amalia Fernández-Martínez, Aida de Lucio, Jose Manuel Ramos, Francisco Reyes, Vicenta González, Agustín Benito,Pedro Berzosa",2011,https://www.ncbi.nlm.nih.gov/pubmed/?term=21810256
24964730,Kebede S,2014,http://www.ncbi.nlm.nih.gov/pubmed/24964730
25986047,NA,NA,NA
571,"Lo E, Hemming-Schroeder E, Yewhalaw D, Nguyen J, Kebede E, Zemene E, Getachew S, Tushune K, Zhong D, Zhou G, Petros B, Yan G",2017,http://www.ncbi.nlm.nih.gov/pubmed/?term=28746333
22232280,Legrand E,2012,http://www.pubmedcentral.nih.gov/articlerender.fcgi?artid=3294927&tool=pmcentrez&rendertype=abstract
17096149,Mayengue PI,2007,http://www.ncbi.nlm.nih.gov/pubmed/17096149
16235185,Uhlemann AC,2005,http://www.ncbi.nlm.nih.gov/pubmed/16235185
21251998,Lekana-Douki JB,2011,http://www.ncbi.nlm.nih.gov/pubmed/21251998
23153201,Zatra R,2012,http://www.pubmedcentral.nih.gov/articlerender.fcgi?artid=3534593&tool=pmcentrez&rendertype=abstract
506,"Maghendji-Nzondo S, Kouna LC, Mourembou G, Boundenga L, Imboumy-Limoukou RK, Matsiegui PB, Manego-Zoleko R, Mbatchi B, Raoult D, Toure-Ndouo F, Lekana-Douki JB",2016,http://www.ncbi.nlm.nih.gov/pubmed/?term=27538948
11751128,Mawili-Mboumba DP,2002,http://www.ncbi.nlm.nih.gov/pubmed/?term=11751128
18008244,Ord R,2007,http://www.ncbi.nlm.nih.gov/pubmed/18008244
12518847,Sutherland CJ,2002,http://www.ncbi.nlm.nih.gov/pubmed/12518847
15388456,Hallett RL,2004,http://www.ncbi.nlm.nih.gov/pubmed/?term=15388456
16206082,Meerman L,2005,http://www.ncbi.nlm.nih.gov/pubmed/16206082
16117966,Ehrhardt S,2003,http://www.ncbi.nlm.nih.gov/pubmed/?term=16117966
17158810,Duah NO,2007,http://www.ncbi.nlm.nih.gov/pubmed/17158810
24172030,Duah NO,2013,http://www.pubmedcentral.nih.gov/articlerender.fcgi?artid=3819684&tool=pmcentrez&rendertype=abstract
21327004,Abruquah HH,2010,http://www.ncbi.nlm.nih.gov/pmc/articles/PMC2994155/
21288822,"Md Tauqeer Alam, Dziedzom K. de Souza, Sumiti Vinayak, Sean M. Griffing, Amanda C. Poe, Nancy O. Duah, Anita Ghansah, Kwame Asamoa, Laurence Slutsker, Michael D. Wilson, John W. Barnwell, Venkatachalam Udhayakumar, and Kwadwo A. Koram",2011,http://www.pubmedcentral.nih.gov/articlerender.fcgi?artid=3071065&tool=pmcentrez&rendertype=abstract
21745377,Kwansa-Bentum B,2011,http://www.pubmedcentral.nih.gov/articlerender.fcgi?artid=3146903&tool=pmcentrez&rendertype=abstract
656,"Osarfo J, Tagbor H, Magnussen P, Alifrangis M.",2018,https://www.ncbi.nlm.nih.gov/pubmed/?term=29582732
27026134,"Asare KK, Boampong JN, Duah NO, Afoakwah R, Sehgal R, Quashie NB",2016,http://www.ncbi.nlm.nih.gov/pubmed/?term=27026134
780,"Mensah BA, Aydemir O, Myers-Hansen JL, Opoku M, Hathaway NJ, Marsh PW, Anto F, Bailey J, Abuaku B, Ghansah A.",2020,https://pubmed.ncbi.nlm.nih.gov/31932374/
759,"Dieng CC, Gonzalez L, Pestana K, Dhikrullahi SB, Amoah LE, Afrane YA, Lo E.",2019,https://www.ncbi.nlm.nih.gov/pubmed/?term=31315304
11679121,Mockenhaupt FP,2001,http://www.ncbi.nlm.nih.gov/pubmed/11679121
25421474,Jovel IT,2015,http://www.ncbi.nlm.nih.gov/pubmed/25421474
19718439,Ursing J,2009,http://www.pubmedcentral.nih.gov/articlerender.fcgi?artid=2729929&tool=pmcentrez&rendertype=abstract
17488902,Ursing J,2007,http://www.ncbi.nlm.nih.gov/pubmed/17488902
17467343,Ursing J,2007,http://www.ncbi.nlm.nih.gov/pubmed/17467343
21148503,Ursing J,2011,http://www.pubmedcentral.nih.gov/articlerender.fcgi?artid=3086436&tool=pmcentrez&rendertype=abstract
753,"Sidsel, Nag",2019,https://www.ncbi.nlm.nih.gov/pubmed/31349834
775,"Ursing J, Rombo L, Eksborg S, Larson L, Bruvoll A, Tarning J, Rodrigues A, Kofoed PE.",2020,NA
567,"Nag S, Dalgaard MD, Kofoed PE, Ursing J, Crespo M, Andersen LO, Aarestrup FM, Lund O, Alifrangis M",2017,http://www.ncbi.nlm.nih.gov/pubmed/?term=28546554
619,NA,NA,NA
510,"Morton LC, Huber C, Okoth SA, Griffing S, Lucchi N, Ljolje D, Boncy J, Oscar R, Townes D, McMorrow M, Chang MA, Udhayakumar V, Barnwell JW",2016,http://www.ncbi.nlm.nih.gov/pubmed/?term=27430541
24252305,ElBadry MA,2013,http://www.pubmedcentral.nih.gov/articlerender.fcgi?artid=3879102&tool=pmcentrez&rendertype=abstract
22183028,Jovel IT,2011,http://www.pubmedcentral.nih.gov/articlerender.fcgi?artid=3266654&tool=pmcentrez&rendertype=abstract
807,"Fontecha G, Pinto A, Archaga O, Betancourth S, Escober L, Henríquez J, Valdivia HO, Montoya A, Mejía RE.",2021,https://pubmed.ncbi.nlm.nih.gov/34906144/
15031513,Vathsala PG,2004,http://www.ncbi.nlm.nih.gov/pubmed/15031513
22236376,Mallick PK,2012,http://www.pubmedcentral.nih.gov/articlerender.fcgi?artid=3283508&tool=pmcentrez&rendertype=abstract
19426658,Valecha N,2009,http://www.ncbi.nlm.nih.gov/pubmed/19426658
16586369,Mittra P,2006,http://www.ncbi.nlm.nih.gov/pubmed/16586369
20038626,Mixson-Hayden T,2010,http://www.pubmedcentral.nih.gov/articlerender.fcgi?artid=2826016&tool=pmcentrez&rendertype=abstract
456,"Mohapatra PK, Sarma DK, Prakash A, Bora K, Ahmed MA, Sarma B, Goswami BK, Bhattacharyya DR, Mahanta J",2014,http://www.ncbi.nlm.nih.gov/pubmed/?term=25184337
19454000,Valecha N,2009,http://www.pubmedcentral.nih.gov/articlerender.fcgi?artid=2693515&tool=pmcentrez&rendertype=abstract
623,Sabyasachi Das,2017,https://www.ncbi.nlm.nih.gov/pubmed/28692943
23357175,Das Sutar SK,2013,http://www.ncbi.nlm.nih.gov/pubmed/23357175
21340360,Sutar SKD,2011,http://www.ncbi.nlm.nih.gov/pubmed/21340360
23509121,Das S,2013,http://www.ncbi.nlm.nih.gov/pubmed/23509121
24916876,Goswami D,2014,http://www.ncbi.nlm.nih.gov/pubmed/?term=24916876
24911283,Chauhan K,2014,http://www.ncbi.nlm.nih.gov/pubmed/24911283
364,Pathak A,2014,http://www.pubmedcentral.nih.gov/articlerender.fcgi?artid=4036110&tool=pmcentrez&rendertype=abstract
23426929,Ganguly S,2013,http://www.pubmedcentral.nih.gov/articlerender.fcgi?artid=3647920&tool=pmcentrez&rendertype=abstract
26988711,"Kar NP, Chauhan K, Nanda N, Kumar A, Carlton JM, Das A",2016,http://www.ncbi.nlm.nih.gov/pubmed/?term=26988711
27222806,"Antony HA, Das S, Parija SC, Padhi S",2016,http://www.ncbi.nlm.nih.gov/pubmed/?term=27222806
517,"Antony HA, Das S, Parija SC, Padhi S",2016,http://www.ncbi.nlm.nih.gov/pubmed/?term=27222806
618,"Goomber S, Mishra N, Anvikar A, Yadav CP, Valecha N",2018,NA
815,"Jakob Wedam, Costanza Tacoli, Prabhanjan P. Gai, Konrad Siegert, Suyamindra S. Kulkarni, Rashmi Rasalkar, Archith Boloor, Animesh Jain, Chakrapani Mahabala, Shantaram Baliga, Damodara Shenoy, Rajeshwari Devi, Pramod Gai, and Frank P. Mockenhaupt",2018,doi:10.4269/ajtmh.18-0549
605,"Patel P, Bharti PK, Bansal D, Ali NA, Raman RK, Mohapatra PK, Sehgal R, Mahanta J, Sultan AA, Singh N",2017,http://www.ncbi.nlm.nih.gov/pubmed/?term=29192183
760,"Kumar A, Singh SP, Bhatt R, Singh V",2019,https://www.ncbi.nlm.nih.gov/pubmed/?term=31791329
716,"Das S, Manna S, Saha B, Hati AK, Roy S.",2018,https://www.ncbi.nlm.nih.gov/pubmed/?term=30535043
14740877,SYAFRUDDIN D,2003,http://www.ncbi.nlm.nih.gov/pubmed/14740877
15741554,SYAFRUDDIN D,2005,http://www.ncbi.nlm.nih.gov/pubmed/15741554
15238686,Huaman MC,2004,http://www.ncbi.nlm.nih.gov/pubmed/15238686
17760967,Syafruddin D,2007,http://www.pubmedcentral.nih.gov/articlerender.fcgi?artid=2014775&tool=pmcentrez&rendertype=abstract
19788738,Asih PBS,2009,http://www.pubmedcentral.nih.gov/articlerender.fcgi?artid=2761937&tool=pmcentrez&rendertype=abstract
563,"Reteng P, Vrisca V, Sukarno I, Djarkoni IH, Kalangi JA, Jacobs GE, Runtuwene LR, Eshita Y, Maeda R, Suzuki Y, Mongan AE, Warouw SM, Yamagishi J, Tuda J",2017,http://www.ncbi.nlm.nih.gov/pubmed/?term=28376874
22908898,Asih PBS,2012,http://www.pubmedcentral.nih.gov/articlerender.fcgi?artid=3478225&tool=pmcentrez&rendertype=abstract
16490179,Ursing J,2006,http://www.ncbi.nlm.nih.gov/pubmed/16490179
18926753,Jalousian F,2008,http://www.ncbi.nlm.nih.gov/pubmed/18926753
17999755,Zakeri S,2007,http://www.pubmedcentral.nih.gov/articlerender.fcgi?artid=2214731&tool=pmcentrez&rendertype=abstract
18385361,Zakeri S,2008,http://www.ncbi.nlm.nih.gov/pubmed/18385361
23287027,Pirahmadi S,2013,http://www.ncbi.nlm.nih.gov/pubmed/23287027
22001304,Afsharpad M,2012,http://www.ncbi.nlm.nih.gov/pubmed/22001304
19450282,Mwai L,2009,http://www.pubmedcentral.nih.gov/articlerender.fcgi?artid=2694831&tool=pmcentrez&rendertype=abstract
16271310,Holmgren G,2006,http://www.ncbi.nlm.nih.gov/pubmed/16271310
614,"Hemming-Schroeder E, Umukoro E, Lo E, Fung B, TomÃ¡s-Domingo P, Zhou G, Zhong D, Dixit A, Atieli H, Githeko A, Vardo-Zalik A, Yan G.",2018,https://www.ncbi.nlm.nih.gov/pubmed/?term=29363453
26236581,Achieng AO,2015,http://www.ncbi.nlm.nih.gov/pubmed/26236581
18671871,Zhong D,2008,http://www.pubmedcentral.nih.gov/articlerender.fcgi?artid=2533336&tool=pmcentrez&rendertype=abstract
21106088,Spalding MD,2010,http://www.pubmedcentral.nih.gov/articlerender.fcgi?artid=3001743&tool=pmcentrez&rendertype=abstract
19398039,Bonizzoni M,2009,http://www.pubmedcentral.nih.gov/articlerender.fcgi?artid=2745398&tool=pmcentrez&rendertype=abstract
19187521,Thwing JI,2009,http://www.ncbi.nlm.nih.gov/pubmed/19187521
25889220,"Shah M, Omosun Y, Lal A, Odero C, Gatei W, Otieno K, Gimnig JE, ter Kuile F, Hawley WA, Nahlen B, Kariuki S, Walker E, Slutsker L, Hamel M, Shi YP",2015,http://www.ncbi.nlm.nih.gov/pubmed/?term=25889220
22641431,Mang'era CM,2012,http://www.ncbi.nlm.nih.gov/pubmed/22641431
25395861,Akala HM,2014,http://www.ncbi.nlm.nih.gov/pubmed/25395861
21734121,"Hoseah M. Akala, Fredrick L. Eyase, Agnes C. Cheruiyot, Angela A. Omondi, Bernhards R. Ogutu, Norman C. Waters, Jacob D. Johnson, Mark E. Polhemus, David C. Schnabel, and Douglas S. Walsh",2011,http://www.pubmedcentral.nih.gov/articlerender.fcgi?artid=3122340&tool=pmcentrez&rendertype=abstract
23675533,Eyase FL,2013,http://www.pubmedcentral.nih.gov/articlerender.fcgi?artid=3652850&tool=pmcentrez&rendertype=abstract
19770282,Mwai L,2009,http://www.pubmedcentral.nih.gov/articlerender.fcgi?artid=2786317&tool=pmcentrez&rendertype=abstract
24752268,Cheruiyot J,2014,http://www.pubmedcentral.nih.gov/articlerender.fcgi?artid=4068580&tool=pmcentrez&rendertype=abstract
720,"Muiruri P, Juma DW, Ingasia LA, Chebon LJ, Opot B, Ngalah BS, Cheruiyot J, Andagalu B, Akala HM, Nyambati VCS, Ng'ang'a JK, Kamau E.",2018,https://www.ncbi.nlm.nih.gov/pubmed/?term=30376843
26392510,"Lucchi NW, Komino F, Okoth SA, Goldman I, Onyona P, Wiegand RE, Juma E, Shi YP, Barnwell JW, Udhayakumar V, Kariuki S",2015,http://www.ncbi.nlm.nih.gov/pubmed/?term=26392510
22096496,"Monica Shah, Simon Kariuki, Jodi Vanden Eng, Anna J. Blackstock, Kimberly Garner, Wangeci Gatei, John E. Gimnig, Kim Lindblade, Dianne Terlouw, Feiko ter Kuile, William A. Hawley, Penelope Phillips-Howard, Bernard Nahlen, Edward Walker, Mary J. Hamel, Laurence Slutsker, Ya Ping Shi",2011,http://www.pubmedcentral.nih.gov/articlerender.fcgi?artid=3214025&tool=pmcentrez&rendertype=abstract
12950663,Berens N,2003,http://www.ncbi.nlm.nih.gov/pubmed/12950663
11784432,Labbé AC,2001,http://www.ncbi.nlm.nih.gov/pubmed/11784432
11181156,Pillai D,2001,http://www.ncbi.nlm.nih.gov/pubmed/11181156
504,"Otienoburu SD, Maïga-Ascofaré O, Schramm B, Jullien V, Jones JJ, Zolia YM, Houzé P, Ashley EA, Kiechel JR, Guérin PJ, Le Bras J, Houzé S",2016,http://www.ncbi.nlm.nih.gov/pubmed/?term=27596849
17556614,Rason MA,2007,http://www.ncbi.nlm.nih.gov/pubmed/17556614
20967251,Andriantsoanirina V,2010,http://www.pubmedcentral.nih.gov/articlerender.fcgi?artid=2954150&tool=pmcentrez&rendertype=abstract
809,"Dentinger CM, Rakotomanga TA, Rakotondrandriana A, Rakotoarisoa A, Rason MA, Moriarty LF, Steinhardt LC, Kapesa L, Razafindrakoto J, Svigel SS, Lucchi NW, Udhayakumar V, Halsey ES, Ratsimbasoa CA.",2021,https://pubmed.ncbi.nlm.nih.gov/34732201/
17556619,Nkhoma S,2007,http://www.ncbi.nlm.nih.gov/pubmed/17556619
18270569,Bell DJ,2008,http://www.pubmedcentral.nih.gov/articlerender.fcgi?artid=2229666&tool=pmcentrez&rendertype=abstract
22853645,Atroosh WM,2012,http://www.pubmedcentral.nih.gov/articlerender.fcgi?artid=3493286&tool=pmcentrez&rendertype=abstract
499,"Norahmad NA, Mohd Abd Razak MR, Abdullah NR, Sastu UR, Imwong M, Muniandy PK, Saat MN, Muhammad A, Jelip J, Tikuson M, Yusof N, Rundi C, Mudin RN, Syed Mohamed AF",2016,http://www.ncbi.nlm.nih.gov/pubmed/?term=27788228
19245687,"Tekete M, Djimde AA, Beavogui AH, Maiga H, Sagara I, Fofana B, Ouologuem D, Dama S, Kone A, Dembele D, Wele M, Dicko A, Doumbo OK",2009,http://www.ncbi.nlm.nih.gov/pubmed/?term=19245687
18337343,Djimdé AA,2008,http://www.ncbi.nlm.nih.gov/pubmed/18337343
500,"Maiga H, Lasry E, Diarra M, Sagara I, Bamadio A, Traore A, Coumare S, Bahonan S, Sangare B, Dicko Y, Diallo N, Tembely A, Traore D, Niangaly H, Dao F, Haidara A, Dicko A, Doumbo OK, Djimde AA",NA,http://www.ncbi.nlm.nih.gov/pubmed/?term=27662368
572,"Diawara F, Steinhardt LC, Mahamar A, Traore T, Kone DT, Diawara H, Kamate B, Kone D, Diallo M, Sadou A, Mihigo J, Sagara I, Djimde AA, Eckert E, Dicko A",2017,http://www.ncbi.nlm.nih.gov/pubmed/?term=28797263
558,"Dama S, Niangaly H, Ouattara A, Sagara I, Sissoko S, Traore OB, Bamadio A, Dara N, Djimde M, Alhousseini ML, Goita S, Maiga H, Dara A, Doumbo OK, Djimde AA",2017,http://www.ncbi.nlm.nih.gov/pubmed/?term=28148267
803,"Mahamar A, Sumner KM, Levitt B, Freedman B, Traore A, Barry A, Issiaka D, Dembele AB, Kanoute MB, Attaher O, Diarra BN, Sagara I, Djimde A, Duffy PE, Fried M, Taylor SM, Dicko A.",2022,https://pubmed.ncbi.nlm.nih.gov/35135546/
11172152,Djimdé A,2001,http://www.ncbi.nlm.nih.gov/pubmed/?term=11172152
564,"Ould Ahmedou Salem MS, Mint Lekweiry K, Bouchiba H, Pascual A, Pradines B, Ould Mohamed Salem Boukhary A, Briolant S, Basco LK, Bogreau H",2017,http://www.ncbi.nlm.nih.gov/pubmed/?term=28381273
12479542,Jelinek T,2002,http://www.ncbi.nlm.nih.gov/pubmed/12479542
25098280,Lobo E,2014,http://www.ncbi.nlm.nih.gov/pubmed/25098280
22022487,"Jaishree Raman, Katya Mauff, Pedro Muianga, Abdul Mussa, Rajendra Maharaj, Karen I. Barnes",2011,http://www.pubmedcentral.nih.gov/articlerender.fcgi?artid=3195082&tool=pmcentrez&rendertype=abstract
23382159,Thomsen TT,2013,http://www.ncbi.nlm.nih.gov/pubmed/23382159
599,"Gupta H, Macete E, Bulo H, Salvador C, Warsame M, Carvalho E, Ménard D, Ringwald P, Bassat Q, Enosse S, Mayor A",2018,http://www.ncbi.nlm.nih.gov/pubmed/?term=29260689
765,"Smith-Aguasca R, Gupta H, Uberegui E, Maquina M, Saute F, Paaijmans KP, Mayor A, Huijben S.",2019,https://www.ncbi.nlm.nih.gov/pmc/articles/PMC6796398/
556,"Zeng W, Bai Y, Wang M, Wang Z, Deng S, Ruan Y, Feng S, Yang Z, Cui L",2017,http://www.ncbi.nlm.nih.gov/pubmed/?term=27919892
22898135,"Fang Huang, Linhua Tang, Henglin Yang, Shuisen Zhou, Xiaodong Sun, Hui Liu",2012,http://www.pubmedcentral.nih.gov/articlerender.fcgi?artid=3492106&tool=pmcentrez&rendertype=abstract
20643902,Meng H,2010,http://www.pubmedcentral.nih.gov/articlerender.fcgi?artid=2944579&tool=pmcentrez&rendertype=abstract
27084511,"Lo E, Nguyen J, Oo W, Hemming-Schroeder E, Zhou G, Yang Z, Cui L, Yan G",2016,http://www.ncbi.nlm.nih.gov/pubmed/?term=27084511
762,"Zhao Y, Liu Z, Soe MT, Wang L, Soe TN, Wei H, Than A, Aung PL, Li Y, Zhang X, Hu Y, Wei H, Zhang Y, Burgess J, Siddiqui FA, Menezes L, Wang Q, Kyaw MP, Cao Y, Cui L.",2019,https://www.ncbi.nlm.nih.gov/pubmed/?term=31505774
608,"Prof. Francois Nosten, Prof Olivo Miotto",2016,NA
21457533,Ranjitkar S,2011,http://www.pubmedcentral.nih.gov/articlerender.fcgi?artid=3080351&tool=pmcentrez&rendertype=abstract
615,"Grais RF, Laminou IM, Woi-Messe L, Makarimi R, Bouriema SH, Langendorf C, Amambua-Ngwa A, D'Alessandro U, GuÃ©rin PJ, Fandeur T, Sibley CH.",2018,https://www.ncbi.nlm.nih.gov/pubmed/29486766
16874478,Happi CT,2006,http://www.ncbi.nlm.nih.gov/pubmed/16874478
16837724,Happi CT,2006,http://www.ncbi.nlm.nih.gov/pubmed/16837724
19953193,Folarin OA,2008,http://www.ncbi.nlm.nih.gov/pmc/articles/PMC2785046/pdf/nihms75070.pdf
17428334,Ojurongbe O,2007,http://www.pubmedcentral.nih.gov/articlerender.fcgi?artid=1855061&tool=pmcentrez&rendertype=abstract
21120702,Ojurongbe O,2010,http://www.ncbi.nlm.nih.gov/pubmed/21120702
19075074,Happi CT,2009,http://www.pubmedcentral.nih.gov/articlerender.fcgi?artid=2650543&tool=pmcentrez&rendertype=abstract
25928117,Oladipo OO,2015,http://www.ncbi.nlm.nih.gov/pubmed/25928117
596,"Balogun ST, Sandabe UK, Bdliya DN, Adedeji WA, Okon KO, Fehintola FA",2015,http://www.ncbi.nlm.nih.gov/pubmed/?term=27031449
26808627,"Agomo CO, Oyibo WA, Sutherland C, Hallet R, Oguike M",2016,http://www.ncbi.nlm.nih.gov/pubmed/?term=26808627
627,Kolapo Muyiwa Oyebola,2018,https://www.ncbi.nlm.nih.gov/pubmed/?term=30103683
763,"Idowu A.O, Oyibo W.A, Bhattacharyya S, Khubbar M, Mendie U.E, Bumah V.V, Black C, Igietseme J, Azenabor A.A",2019,https://www.ncbi.nlm.nih.gov/pubmed/?term=31533729
630,"B. Lawal,corresponding author O. K. Shittu, A. Abubakar, and A. Y. Kabiru",2018,https://www.ncbi.nlm.nih.gov/pmc/articles/PMC5976944/
19706926,Khatoon L,2009,http://www.ncbi.nlm.nih.gov/pubmed/?term=19706926
21272384,Ghanchi NK,2011,http://www.pubmedcentral.nih.gov/articlerender.fcgi?artid=3037930&tool=pmcentrez&rendertype=abstract
23988011,Khattak AA,2013,http://www.pubmedcentral.nih.gov/articlerender.fcgi?artid=3765786&tool=pmcentrez&rendertype=abstract
14576108,Chen N,2003,http://www.ncbi.nlm.nih.gov/pubmed/?term=14576108
20053293,Marfurt J,2010,http://www.pubmedcentral.nih.gov/articlerender.fcgi?artid=2820042&tool=pmcentrez&rendertype=abstract
16620743,Mita T,2006,http://www.ncbi.nlm.nih.gov/pubmed/16620743
18423045,Marfurt J,2008,http://www.pubmedcentral.nih.gov/articlerender.fcgi?artid=2377269&tool=pmcentrez&rendertype=abstract
405,"Barnadas C, Timinao L, Javati S, Iga J, Malau E, Koepfli C, Robinson LJ, Senn N, Kiniboro B, Rare L, Reeder JC, Siba PM, Zimmerman PA, Karunajeewa H, Davis TM, Mueller I",2015,http://www.ncbi.nlm.nih.gov/pubmed/?term=26452541
21078925,Wong RPM,2011,http://www.pubmedcentral.nih.gov/articlerender.fcgi?artid=3028775&tool=pmcentrez&rendertype=abstract
592,"Barnadas C, Senn N, Iga J, Timinao L, Javati S, Malau E, Rarau P, Reeder JC, Siba P, Karunajeewa H, Zimmerman PA, Davis TM, Mueller I",2014,http://www.ncbi.nlm.nih.gov/pubmed/?term=25155586
454,"Koleala T, Karl S, Laman M, Moore BR, Benjamin J, Barnadas C, Robinson LJ, Kattenberg JH, Javati S, Wong RP, Rosanas-Urgell A, Betuela I, Siba PM, Mueller I, Davis TM",2015,http://www.ncbi.nlm.nih.gov/pubmed/?term=25626445
708,"Sekihara M, Tachibana SI, Yamauchi M, Yatsushiro S, Tiwara S, Fukuda N, Ikeda M, Mori T, Hirai M, Hombhanje F, Mita T.",2018,https://www.ncbi.nlm.nih.gov/pubmed/30477515
11675500,Mehlotra RV,2001,http://www.pubmedcentral.nih.gov/articlerender.fcgi?artid=60115&tool=pmcentrez&rendertype=abstract
19258269,Bacon DJ,2009,http://www.pubmedcentral.nih.gov/articlerender.fcgi?artid=2681566&tool=pmcentrez&rendertype=abstract
15155976,Huaman MC,2004,http://www.ncbi.nlm.nih.gov/pubmed/15155976
19567229,Hatabu T,2009,http://www.ncbi.nlm.nih.gov/pubmed/19567229
808,"Bareng APN, Grignard L, Reyes R, Fornace K, Spencer F, Macalinao ML, Luchavez J, Espino FE, Drakeley C, Hafalla JCR.",2022,https://pubmed.ncbi.nlm.nih.gov/34883232/
626,Anushree Acharya,2018,https://www.ncbi.nlm.nih.gov/pubmed/?term=29125042
21996622,Zeile I,2012,http://www.ncbi.nlm.nih.gov/pubmed/21996622
502,"Kateera F, Nsobya SL, Tukwasibwe S, Hakizimana E, Mutesa L, Mens PF, Grobusch MP, van Vugt M, Kumar N",2016,http://www.ncbi.nlm.nih.gov/pubmed/?term=27647575
17313506,Ferreira ID,2007,http://www.ncbi.nlm.nih.gov/pubmed/17313506
20427933,Bin Dajem SM,2010,http://www.pubmedcentral.nih.gov/articlerender.fcgi?artid=2886867&tool=pmcentrez&rendertype=abstract
21350795,Bin Dajem SM,2011,http://www.ncbi.nlm.nih.gov/pubmed/21350795
22706959,Ly O,2012,http://www.ncbi.nlm.nih.gov/pubmed/22706959
12201579,Thomas SM,2002,http://www.ncbi.nlm.nih.gov/pubmed/12201579
15986248,Sarr O,2005,http://www.ncbi.nlm.nih.gov/pubmed/?term=15986248
23617576,Lo AC,2013,http://www.pubmedcentral.nih.gov/articlerender.fcgi?artid=3652725&tool=pmcentrez&rendertype=abstract
22694921,"Nathalie Wurtz, Bécaye Fall, Aurélie Pascual, Silmane Diawara, Kowry Sow, Eric Baret, Bakary Diatta, Khadidiatou B Fall, Pape S Mbaye, Fatou Fall, Yaya Diémé, Christophe Rogier, Raymond Bercion, Sébastien Briolant, Boubacar Wade, Bruno Pradines",2012,http://www.pubmedcentral.nih.gov/articlerender.fcgi?artid=3470961&tool=pmcentrez&rendertype=abstract
594,"Wurtz N, Fall B, Pascual A, Fall M, Baret E, Camara C, Nakoulima A, Diatta B, Fall KB, Mbaye PS, Diémé Y, Bercion R, Wade B, Pradines B",2014,http://www.ncbi.nlm.nih.gov/pubmed/?term=25199781
732,"Ndiaye JLA, Ndiaye Y, Ba MS, Faye B, Ndiaye M, Seck A, Tine R, Thior PM, Atwal S, Beshir K, Sutherland C, Gaye O, Milligan P.",2019,https://www.ncbi.nlm.nih.gov/pmc/articles/PMC6415816/pdf/pmed.1002762.pdf
23510258,Fall B,2013,http://www.pubmedcentral.nih.gov/articlerender.fcgi?artid=3606842&tool=pmcentrez&rendertype=abstract
24314037,Van Tyne D,2013,http://www.pubmedcentral.nih.gov/articlerender.fcgi?artid=3924193&tool=pmcentrez&rendertype=abstract
505,"Mbaye A, Dieye B, Ndiaye YD, Bei AK, Muna A, Deme AB, Yade MS, Diongue K, Gaye A, Ndiaye IM, Ndiaye T, Sy M, Diallo MA, Badiane AS, Ndiaye M, Seck MC, Sy N, Koita O, Krogstad DJ, Nwakanma D, Ndiaye D",2016,http://www.ncbi.nlm.nih.gov/pubmed/?term=27562216
570,"Mbaye A, Gaye A, Dieye B, Ndiaye YD, Bei AK, Affara M, Deme AB, Yade MS, Diongue K, Ndiaye IM, Ndiaye T, Sy M, Sy N, Koita O, Krogstad DJ, Volkman S, Nwakanma D, Ndiaye D",2017,http://www.ncbi.nlm.nih.gov/pubmed/?term=28615016
515,"Boussaroque A, Fall B, Madamet M, Wade KA, Fall M, Nakoulima A, Fall KB, Dionne P, Benoit N, Diatta B, Diemé Y, Wade B, Pradines B",2016,http://www.ncbi.nlm.nih.gov/pubmed/?term=27387549
786,"Gendrot M, Wague Gueye M, Tsombeng Foguim F, Madamet M, Wade KA, Bou Kounta M, Fall M, Diawara S, Benoit N, Lo G, Bercion R, Amalvict R, Mosnier J, Fall B, Briolant S, Diatta B, Pradines B.",2019,https://pubmed.ncbi.nlm.nih.gov/31108084/
20925934,Ballif M,2010,http://www.pubmedcentral.nih.gov/articlerender.fcgi?artid=2959069&tool=pmcentrez&rendertype=abstract
779,"Raman J, Kagoro FM, Mabuza A, Malatje G, Reid A, Frean J, Barnes KI.",2019,https://pubmed.ncbi.nlm.nih.gov/31438951/
23272998,Vaughan-Williams CH,2012,http://www.pubmedcentral.nih.gov/articlerender.fcgi?artid=3544602&tool=pmcentrez&rendertype=abstract
13677373,Ochong EO,2003,http://www.ncbi.nlm.nih.gov/pubmed/13677373
761,"Bakhiet AMA, Abdelraheem MH, Kheir A, Omer S, Gismelseed L, Abdel-Muhsin AA, Naiem A, Al Hosni A, Al Dhuhli A, Al Rubkhi M, Al-Hamidhi S, Gadalla A, Mukhtar M, Sultan AA, Babiker HA.",2019,https://www.ncbi.nlm.nih.gov/pubmed/31369106
15031793,Abdel-Muhsin AMA,2004,http://www.ncbi.nlm.nih.gov/pubmed/15031793
16171768,Tagelsir N,2006,http://www.ncbi.nlm.nih.gov/pubmed/16171768
17693716,A-Elbasit IE,2007,http://www.ncbi.nlm.nih.gov/pubmed/17693716
16336938,Giha HA,2006,http://www.ncbi.nlm.nih.gov/pubmed/16336938
14641841,Anderson TJC,2003,http://www.ncbi.nlm.nih.gov/pubmed/14641841
16690361,Osman ME,2007,http://www.ncbi.nlm.nih.gov/pubmed/16690361
20212335,Yusuf RU,2010,http://www.jidc.org/index.php/journal/article/view/20212335
20682863,Menegon M,2010,http://www.pubmedcentral.nih.gov/articlerender.fcgi?artid=2911166&tool=pmcentrez&rendertype=abstract
21896916,Gadalla NB,2011,http://www.pubmedcentral.nih.gov/articlerender.fcgi?artid=3195064&tool=pmcentrez&rendertype=abstract
23870667,Gadalla NB,2013,http://www.pubmedcentral.nih.gov/articlerender.fcgi?artid=3720549&tool=pmcentrez&rendertype=abstract
782,"Mohamed AO, Hussien M, Mohamed A, Suliman A, Elkando NS, Abdelbagi H, Malik EM, Abdelraheem MH, Hamid MMA.",2020,https://pubmed.ncbi.nlm.nih.gov/32070355/
23836573,Adhin MR,2013,http://www.ncbi.nlm.nih.gov/pubmed/23836573
363,Adhin MR,2014,http://www.pubmedcentral.nih.gov/articlerender.fcgi?artid=4015718&tool=pmcentrez&rendertype=abstract
589,"Chenet SM, Okoth SA, Kelley J, Lucchi N, Huber CS, Vreden S, Macedo de Oliveira A, Barnwell JW, Udhayakumar V, Adhin MR",2017,http://www.ncbi.nlm.nih.gov/pubmed/?term=28438929
20199676,Dlamini SV,2010,http://www.pubmedcentral.nih.gov/articlerender.fcgi?artid=2845184&tool=pmcentrez&rendertype=abstract
22144430,"Thomsen TT, Ishengoma DS, Mmbando BP, Lusingu JP, Vestergaard LS, Theander TG, Lemnge MM, Bygbjerg IC, Alifrangis M",2011,http://www.ncbi.nlm.nih.gov/pubmed/?term=22144430
17467344,Holmgren G,2007,http://www.ncbi.nlm.nih.gov/pubmed/17467344
16163624,Mårtensson A,2005,http://www.ncbi.nlm.nih.gov/pubmed/16163624
15717281,Sisowath C,2005,http://www.ncbi.nlm.nih.gov/pubmed/15717281
17194834,Humphreys GS,2007,http://www.pubmedcentral.nih.gov/articlerender.fcgi?artid=1803116&tool=pmcentrez&rendertype=abstract
19210165,Sisowath C,2009,http://www.pubmedcentral.nih.gov/articlerender.fcgi?artid=2718568&tool=pmcentrez&rendertype=abstract
25917493,Morris U,2015,http://www.ncbi.nlm.nih.gov/pubmed/25917493
17224049,Schönfeld M,2007,http://www.pubmedcentral.nih.gov/articlerender.fcgi?artid=1781949&tool=pmcentrez&rendertype=abstract
624,Richard Mwaiswelo,2017,https://www.ncbi.nlm.nih.gov/pubmed/28829723
21410954,Ngasala B,2011,http://www.pubmedcentral.nih.gov/articlerender.fcgi?artid=3065443&tool=pmcentrez&rendertype=abstract
21427394,Ngasala BE,2011,http://www.ncbi.nlm.nih.gov/pubmed/21427394
23506218,Malmberg M,2013,http://www.pubmedcentral.nih.gov/articlerender.fcgi?artid=3732084&tool=pmcentrez&rendertype=abstract
22966778,Fröberg G,2012,http://www.pubmedcentral.nih.gov/articlerender.fcgi?artid=3468380&tool=pmcentrez&rendertype=abstract
23510231,Morris U,2013,http://www.pubmedcentral.nih.gov/articlerender.fcgi?artid=3605315&tool=pmcentrez&rendertype=abstract
22118982,Kamugisha E,2012,http://www.ncbi.nlm.nih.gov/pubmed/22118982
25007802,Kavishe RA,2014,http://www.pubmedcentral.nih.gov/articlerender.fcgi?artid=4099215&tool=pmcentrez&rendertype=abstract
22369089,"Erasmus Kamugisha, Sun Jing, Mercy Minde, Johaness Kataraihya, Gilbert Kongola, Fred Kironde,Göte Swedberg",2012,http://www.malariajournal.com/content/11/1/58
26152336,Golassa L,2015,http://www.ncbi.nlm.nih.gov/pubmed/26152336
481,"Mwaiswelo R, Ngasala B, Jovel I, Aydin-Schmidt B, Gosling R, Premji Z, Mmbando B, Björkman A, Mårtensson A",2016,http://www.ncbi.nlm.nih.gov/pubmed/?term=27565897
727,"Ishengoma D, Mandara C, Francis F, Talundzic E, Lucchi N, Ngasala B, Kabanywanyi A, Mahende M, Kamugisha E, Kavishe R, Muro F, Mohamed A, Mandike R, Mkude S, Chacky F, Paxton L, Greer G, Kitojo C, Njau R, Martin T, Venkatesan M, Warsame M, Halsey E, Udhayakumar V",2019,https://www.ncbi.nlm.nih.gov/pubmed/?term=30898164
794,"Bwire GM, Ngasala B, Mikomangwa WP, Kilonzi M, Kamuhabwa AAR.",2020,https://pubmed.ncbi.nlm.nih.gov/32103124/
12798014,Schneider AG,2002,http://www.ncbi.nlm.nih.gov/pubmed/12798014
16652314,Price RN,2006,http://www.ncbi.nlm.nih.gov/pubmed/16652314
15891133,Nelson AL,2005,http://www.ncbi.nlm.nih.gov/pubmed/15891133
16045457,Congpuong K,2005,http://www.ncbi.nlm.nih.gov/pubmed/16045457
20449753,Mungthin M,2010,http://www.ncbi.nlm.nih.gov/pubmed/20449753
21320353,Chaijaroenkul W,2011,http://www.pubmedcentral.nih.gov/articlerender.fcgi?artid=3055224&tool=pmcentrez&rendertype=abstract
17124182,Nair S,2007,http://www.ncbi.nlm.nih.gov/pubmed/17124182
18950599,Rungsihirunrat K,2009,http://www.ncbi.nlm.nih.gov/pubmed/18950599
21036827,Mungthin M,2010,http://www.pubmedcentral.nih.gov/articlerender.fcgi?artid=2963959&tool=pmcentrez&rendertype=abstract
19879850,Chaijaroenkul W,2010,http://www.ncbi.nlm.nih.gov/pubmed/19879850
21777558,Phompradit P,2011,http://www.ncbi.nlm.nih.gov/pubmed/21777558
24670242,Mungthin M,2014,http://www.pubmedcentral.nih.gov/articlerender.fcgi?artid=3986879&tool=pmcentrez&rendertype=abstract
24093782,Muhamad P,2013,http://www.pubmedcentral.nih.gov/articlerender.fcgi?artid=3805099&tool=pmcentrez&rendertype=abstract
12423551,Lopes D,2002,http://www.ncbi.nlm.nih.gov/pubmed/?term=12423551
19358729,de Almeida A,2009,http://www.pubmedcentral.nih.gov/articlerender.fcgi?artid=2672086&tool=pmcentrez&rendertype=abstract
16641472,Dokomajilar C,2006,http://www.ncbi.nlm.nih.gov/pmc/articles/PMC1472234/
24799371,Mbogo GW,2014,http://www.ncbi.nlm.nih.gov/pubmed/?term=24799371
17562798,Nsobya SL,2007,http://www.pubmedcentral.nih.gov/articlerender.fcgi?artid=1932488&tool=pmcentrez&rendertype=abstract
597,"Paganotti GM, Cosentino V, Russo G, Tabacchi F, Gramolelli S, Coluzzi M, Romano R",2014,http://www.ncbi.nlm.nih.gov/pubmed/?term=25183026
24610872,Conrad,2014,http://www.ncbi.nlm.nih.gov/pubmed/24610872
20065051,Nsobya SL,2010,http://www.pubmedcentral.nih.gov/articlerender.fcgi?artid=2825959&tool=pmcentrez&rendertype=abstract
21078941,Baliraine FN,2011,http://www.pubmedcentral.nih.gov/articlerender.fcgi?artid=3028814&tool=pmcentrez&rendertype=abstract
21881128,Baliraine F,2011,http://www.pubmedcentral.nih.gov/articlerender.fcgi?artid=3164433&tool=pmcentrez&rendertype=abstract
23220229,Kiwuwa MS,2013,http://www.ncbi.nlm.nih.gov/pubmed/23220229
24446524,Tukwasibwe S,2014,http://www.ncbi.nlm.nih.gov/pubmed/24446524
591,"Tumwebaze P, Tukwasibwe S, Taylor A, Conrad M, Ruhamyankaka E, Asua V, Walakira A, Nankabirwa J, Yeka A, Staedke SG, Greenhouse B, Nsobya SL, Kamya MR, Dorsey G, Rosenthal PJ",2017,http://www.ncbi.nlm.nih.gov/pubmed/?term=28039354
24629020,Nankoberanyi S,2014,http://www.pubmedcentral.nih.gov/articlerender.fcgi?artid=4004386&tool=pmcentrez&rendertype=abstract
513,"Nankabirwa JI, Conrad MD, Legac J, Tukwasibwe S, Tumwebaze P, Wandera B, Brooker SJ, Staedke SG, Kamya MR, Nsobya SL, Dorsey G, Rosenthal PJ",2016,http://www.ncbi.nlm.nih.gov/pubmed/?term=27401569
611,"Rasmussen SA, Ceja FG, Conrad MD, Tumwebaze PK, Byaruhanga O, Katairo T, Nsobya SL, Rosenthal PJ, Cooper RA",2017,http://www.ncbi.nlm.nih.gov/pubmed/?term=28923866
793,"Balikagala B, Sakurai-Yatsushiro M, Tachibana SI, Ikeda M, Yamauchi M, Katuro OT, Ntege EH, Sekihara M, Fukuda N, Takahashi N, Yatsushiro S, Mori T, Hirai M, Opio W, Obwoya PS, Anywar DA, Auma MA, Palacpac NMQ, Tsuboi T, Odongo-Aginya EI, Kimura E, Ogwang M",2020,https://pubmed.ncbi.nlm.nih.gov/32070358/
723,Philip Rosenthal,2016,https://www.ncbi.nlm.nih.gov/pubmed/26597254
26597254,"Yeka A, Kigozi R, Conrad MD, Lugemwa M, Okui P, Katureebe C, Belay K, Kapella BK, Chang MA, Kamya MR, Staedke SG, Dorsey G, Rosenthal PJ",2016,http://www.ncbi.nlm.nih.gov/pubmed/?term=26597254
588,"Yeka A, Kigozi R, Conrad MD, Lugemwa M, Okui P, Katureebe C, Belay K, Kapella BK, Chang MA, Kamya MR, Staedke SG, Dorsey G, Rosenthal PJ",2016,http://www.ncbi.nlm.nih.gov/pubmed/?term=26597254
791,"Yeka A, Kigozi R, Conrad MD, Lugemwa M, Okui P, Katureebe C, Belay K, Kapella BK, Chang MA, Kamya MR, Staedke SG, Dorsey G, Rosenthal PJ.",2015,https://pubmed.ncbi.nlm.nih.gov/26597254/
493,"Balikagala B, Mita T, Ikeda M, Sakurai M, Yatsushiro S, Takahashi N, Tachibana SI, Auma M, Ntege EH, Ito D, Takashima E, Palacpac NM, Egwang TG, Onen JO, Kataoka M, Kimura E, Horii T, Tsuboi T",2017,http://www.ncbi.nlm.nih.gov/pubmed/?term=28068997
450,Adoke Yeka,2016,NA
573,"Conrad MD, Mota D, Foster M, Tukwasibwe S, Legac J, Tumwebaze P, Whalen M, Kakuru A, Nayebare P, Wallender E, Havlir DV, Jagannathan P, Huang L, Aweeka F, Kamya MR, Dorsey G, Rosenthal PJ",2017,http://www.ncbi.nlm.nih.gov/pubmed/?term=28968782
714,"Yeka A, Wallender E, Mulebeke R, Kibuuka A, Kigozi R, Bosco A, Kyambadde P, Opigo J, Kalyesubula S, Senzoga J, Vinden J, Conrad M, Rosenthal PJ.",2018,https://www.ncbi.nlm.nih.gov/pubmed/?term=30418593
798,"Tumwebaze PK, Katairo T, Okitwi M, Byaruhanga O, Orena S, Asua V, Duvalsaint M, Legac J, Chelebieva S, Ceja FG, Rasmussen SA, Conrad MD, Nsobya SL, Aydemir O, Bailey JA, Bayles BR, Rosenthal PJ, Cooper RA.",2022,https://pubmed.ncbi.nlm.nih.gov/34553183/
16112915,Talisuna A,2006,http://www.ncbi.nlm.nih.gov/pubmed/16112915
12685644,Ngo T,2003,http://www.ncbi.nlm.nih.gov/pubmed/12685644
19889891,Isozumi R,2010,http://www.pubmedcentral.nih.gov/articlerender.fcgi?artid=2812275&tool=pmcentrez&rendertype=abstract
21669011,Sinou V,2011,http://www.pubmedcentral.nih.gov/articlerender.fcgi?artid=3123604&tool=pmcentrez&rendertype=abstract
329,Al-Hamidhi S,2013,http://www.pubmedcentral.nih.gov/articlerender.fcgi?artid=3729657&tool=pmcentrez&rendertype=abstract
26001972,Bamaga OA,2015,http://www.ncbi.nlm.nih.gov/pubmed/26001972
516,"Alareqi LM, Mahdy MA, Lau YL, Fong MY, Abdul-Ghani R, Mahmud R",2016,http://www.ncbi.nlm.nih.gov/pubmed/?term=27343362
508,"Atroosh WM, Al-Mekhlafi HM, Al-Jasari A, Sady H, Dawaki SS, Elyana FN, Al-Areeqi MA, Nasr NA, Abdulsalam AM, Subramaniam LR, Azzani M, Ithoi I, Lau YL, Surin J",2016,http://www.ncbi.nlm.nih.gov/pubmed/?term=27478699
764,Sitali L,2019,https://www.ncbi.nlm.nih.gov/pubmed/31796087
